{"cameraMode":{"drawMode":0,"name":"Shaded","section":"Shading Mode"},"sceneLighting":true,"audioPlay":false,"sceneViewState":{"showFog":true,"showMaterialUpdate":false,"showSkybox":true,"showFlares":true,"showImageEffects":true,"showParticleSystems":true},"in2DMode":false,"pivot":{"x":27.310388565063478,"y":-16.20056915283203,"z":26.926403045654298},"rotation":{"x":-0.22416211664676667,"y":-0.6624735593795776,"z":0.21844244003295899,"w":-0.6807064414024353},"size":41.808013916015628,"orthographic":false}